{"Settings":{"AutoStart":true},"Components":{"comTime":{"Top":227.55555555555554,"Left":433.33333333333331}}}